Position,Company,Location,URL
Customer Success Manager (100% Remote),Close,USA Only/Europe Only,https://weworkremotely.com/remote-jobs/close-customer-success-manager-100-remote-1
Growth Marketer /Digital Customer Acquisition Senior Manager,The Healthy Back Institute,USA Only,https://weworkremotely.com/remote-jobs/the-healthy-back-institute-growth-marketer-digital-customer-acquisition-senior-manager
Business Development Representative,LeadSimple Inc.,Anywhere in the World,https://weworkremotely.com/remote-jobs/leadsimple-inc-business-development-representative
Account Manager for SaaS,Vidalytics,Americas Only,https://weworkremotely.com/remote-jobs/vidalytics-account-manager-for-saas
Email & SMS Strategist Ecommerce/DTC - 100% REMOTE,Wavebreak,USA Only/UK Only/Canada Only,https://weworkremotely.com/remote-jobs/wavebreak-email-sms-strategist-ecommerce-dtc-100-remote
Growth Marketing Manager,Adblock Inc.,Anywhere in the World,https://weworkremotely.com/remote-jobs/adblock-inc-growth-marketing-manager
Sales Account Executive,AgencyAnalytics,Canada Only,https://weworkremotely.com/remote-jobs/agencyanalytics-sales-account-executive-1
Senior Technical SEO ,TestGorilla,Anywhere in the World,https://weworkremotely.com/remote-jobs/testgorilla-senior-technical-seo
Visual Content Creator,Pixellu,Anywhere in the World,https://weworkremotely.com/remote-jobs/pixellu-visual-content-creator
B2B SaaS Account Executive (US-based SMBs clients),Tidio,USA Only/North America Only/Latin America Only/Europe Only/UK Only/Canada Only,https://weworkremotely.com/remote-jobs/tidio-b2b-saas-account-executive-us-based-smbs-clients-1
Short Form Video Editor,Merchant Mastery,Latin America Only/Asia Only,https://weworkremotely.com/remote-jobs/merchant-mastery-short-form-video-editor
Director of Marketing ,EngagedMD,USA Only,https://weworkremotely.com/remote-jobs/engagedmd-director-of-marketing
Head of Growth,Gymdesk,Anywhere in the World,https://weworkremotely.com/remote-jobs/gymdesk-head-of-growth
Growth Marketing Manager,LeadSimple Inc.,Anywhere in the World,https://weworkremotely.com/remote-jobs/leadsimple-inc-growth-marketing-manager
Experienced Backlinking Strategist,AgentFire.com,Anywhere in the World,https://weworkremotely.com/remote-jobs/agentfire-com-experienced-backlinking-strategist
Senior Sales Account Executive (Remote),Octeth,Anywhere in the World,https://weworkremotely.com/remote-jobs/octeth-senior-sales-account-executive-remote
Freelance Writer,IAPWE,Anywhere in the World,https://weworkremotely.com/remote-jobs/iapwe-freelance-writer-7
Cold-Email Marketing Manager,Hypergen,Anywhere in the World,https://weworkremotely.com/remote-jobs/hypergen-cold-email-marketing-manager
Partnership Manager,BBE Marketing Inc,Anywhere in the World,https://weworkremotely.com/remote-jobs/bbe-marketing-inc-partnership-manager-7
Customer Success Manager (100% Remote - USA ONLY),SPICY.hr,USA Only,https://weworkremotely.com/remote-jobs/spicy-hr-customer-success-manager-100-remote-usa-only
Conversion Rate Optimization (CRO) Consultant,Conversion Rate Experts (CRE),Anywhere in the World,https://weworkremotely.com/remote-jobs/conversion-rate-experts-cre-conversion-rate-optimization-cro-consultant-1
Head of Marketing,DatoCMS,Anywhere in the World,https://weworkremotely.com/remote-jobs/datocms-head-of-marketing
Business Development Manager,Sup Standup Bot,Asia Only,https://weworkremotely.com/remote-jobs/sup-standup-bot-business-development-manager
Enterprise Sales Account Director ,Covariant AI ,USA Only/Europe Only/UK Only,https://weworkremotely.com/remote-jobs/covariant-ai-enterprise-sales-account-director
Sales Specialist,SimpleTexting,USA Only,https://weworkremotely.com/remote-jobs/simpletexting-sales-specialist
Sr. Application Engineer (Interfaces),Float,Anywhere in the World,https://weworkremotely.com/remote-jobs/float-sr-application-engineer-interfaces
Frontend Engineer,SportyBet,Europe Only/UK Only,https://weworkremotely.com/remote-jobs/sportybet-frontend-engineer-4
CMS Frontend Engineer [Acquisition team],TestGorilla,Anywhere in the World,https://weworkremotely.com/remote-jobs/testgorilla-cms-frontend-engineer-acquisition-team
Frontend Developer ,SportyBet,Latin America Only,https://weworkremotely.com/remote-jobs/sportybet-frontend-developer
Senior Software Engineer (Web),Peanut App Ltd,Europe Only/UK Only,https://weworkremotely.com/remote-jobs/peanut-app-ltd-senior-software-engineer-web
Frontend Engineer,Chameleon,Americas Only,https://weworkremotely.com/remote-jobs/chameleon-frontend-engineer-1
Frontend Engineer - Marketing,Adblock Inc.,Anywhere in the World,https://weworkremotely.com/remote-jobs/adblock-inc-frontend-engineer-marketing
Senior Flutter Developer: Long-Term Job - 100% Remote,Proxify AB,Latin America Only/Europe Only/EMEA Only,https://weworkremotely.com/remote-jobs/proxify-ab-senior-flutter-developer-long-term-job-100-remote
Frontend React.js Engineer,Banzai,Europe Only,https://weworkremotely.com/remote-jobs/banzai-frontend-react-js-engineer
Front End Software Developer,TrendSpider,Anywhere in the World,https://weworkremotely.com/remote-jobs/trendspider-front-end-software-developer
Senior Vue.js Developer,Proxify AB,Latin America Only/Europe Only/EMEA Only,https://weworkremotely.com/remote-jobs/proxify-ab-senior-vue-js-developer
Senior Frontend Engineer,Prismatic,USA Only,https://weworkremotely.com/remote-jobs/prismatic-senior-frontend-engineer
C# Automation Engineer with Specflow & Selenium Framework experience,BetterQA,Europe Only,https://weworkremotely.com/remote-jobs/betterqa-csharp-automation-engineer-with-specflow-selenium-framework-experience
Senior Front-end developer (Vue Typescript SPA),TextMagic,Europe Only,https://weworkremotely.com/remote-jobs/textmagic-senior-front-end-developer-vue-typescript-spa
Manager Multimedia and Front-End Developer,Orbis Education,USA Only,https://weworkremotely.com/remote-jobs/orbis-education-manager-multimedia-and-front-end-developer
Senior Front-end Developer: Long-term job - 100% Remote,Proxify AB,Latin America Only/Europe Only/EMEA Only,https://weworkremotely.com/remote-jobs/proxify-ab-senior-front-end-developer-long-term-job-100-remote
Front-End Web Developer,Spider Strategies,USA Only,https://weworkremotely.com/remote-jobs/spider-strategies-front-end-web-developer
Frontend Engineering Manager (USA Only - 100% Remote),Close,USA Only,https://weworkremotely.com/remote-jobs/close-frontend-engineering-manager-usa-only-100-remote
Senior or Staff Frontend Engineer - React (100% Remote),Close,USA Only,https://weworkremotely.com/remote-jobs/close-senior-or-staff-frontend-engineer-react-100-remote-3
Senior Wordpress Developer,Proxify AB,Latin America Only/Europe Only/EMEA Only,https://weworkremotely.com/remote-jobs/proxify-ab-senior-wordpress-developer
Senior Frontend Engineer (Angular),TestGorilla,Anywhere in the World,https://weworkremotely.com/remote-jobs/testgorilla-senior-frontend-engineer-angular-3
Senior Backend Python Engineer: Long-term job - 100% remote,Proxify AB,Latin America Only/Europe Only/EMEA Only,https://weworkremotely.com/remote-jobs/proxify-ab-senior-backend-python-engineer-long-term-job-100-remote
Senior Data Engineer,Peanut App,Europe Only,https://weworkremotely.com/remote-jobs/peanut-app-senior-data-engineer
Software Engineer (Backend),Sticker Mule,Anywhere in the World,https://weworkremotely.com/remote-jobs/sticker-mule-software-engineer-backend
